USE ermsv2;

--
-- data for department table
--

 INSERT INTO department(code, name, position) VALUES 
	('CE', 'Department of Civil Engineering', 1),
('ME', 'Department of Mechanical Engineering', 2),
('EP', 'Department of Electrical Power Engineering', 3),
('EcE', 'Department of Electronic Engineering', 4),
('IT', 'Department of Computer Engineering and Information Technology', 5),
('McE', 'Department of Mechatronic Engineering', 6),
('ChE', 'Department of Chemical Engineering', 7),
('TE', 'Department of Textile Engineering', 8),
('Min', 'Department of Mining Engineering', 9),
('PE', 'Department of Petroleum Engineering', 10),
('Met', 'Department of Metallurgical Engineering', 11),
('Arch', 'Department of Architecture', 12),
('M', 'Department of Myanmar', 13),
('E', 'Department of English', 14),
('EM', 'Department of Engineering Mathematics', 15),
('EPh', 'Department of Engineering Physics', 16),
('ECh', 'Department of Engineering Chemistry', 17),
('HSS', 'Department of Humanities and Social Sciences', 18),
('Geol', 'Department of Geology', 19),
('WS', 'Department of Workshop', 20);

--
-- data for major table
--

INSERT INTO major (code, name, type, position, department_code) VALUES 
('C', 'Civil Engineering', 'primary', 1, 'CE'),
('Mech', 'Mechanical Engineering', 'primary', 2, 'ME'),
('EP', 'Electrical Power Engineering', 'primary', 3, 'EP'),
('EC', 'Electronic Engineering', 'primary', 4, 'EcE'),
('CEIT', 'Computer Engineering and Information Technology', 'primary', 5, 'IT'),
('McE', 'Mechatronic Engineering', 'primary', 6, 'McE'),
('ChE', 'Chemical Engineering', 'primary', 7, 'ChE'),
('Tex', 'Textile Engineering', 'primary', 8, 'TE'),
('Mn', 'Mining Engineering', 'primary', 9, 'Min'),
('PE', 'Petroleum Engineering', 'primary', 10, 'PE'),
('Met', 'Metallurgical Engineering', 'primary', 11, 'Met'),
('Arch', 'Architecture', 'primary', 12, 'Arch'),
('CSE', 'Structural Engineering', 'higher', 13, 'CE'),
('CWRE', 'Water Resources Engineering', 'higher', 14, 'CE'),
('CGE', 'Geotechnical Engineering', 'higher', 15, 'CE'),
('CTE', 'Transportation Engineering', 'higher', 16, 'CE'),
('CM', 'Construction Management', 'higher', 17, 'CE'),
('Env.E', 'Environmental Engineering', 'higher', 18, 'CE'),
('Env.M', 'Environmental Planning and Management', 'higher', 19, 'CE'),
('IE', 'Industrial Engineering', 'higher', 20, 'ME'),
('RE', 'Renewable Energy Engineering', 'higher', 21, 'ME'),
('RES', 'Renewable Energy System', 'higher', 22, 'EP'),
('BioMET', 'Biomedical Engineering Technology', 'higher', 23, 'McE'),
('Arc.Met', 'Experimental Archaeometallurgy', 'higher', 24, 'Met'),
('Ext.Met', 'Extractive Metallurgical Engineering', 'higher', 25, 'Met'),
('Adapt.Met', 'Addaptive Metallurgical Engineering', 'higher', 26, 'Met'),
('E.Geol', 'Engineering Geology', 'higher', 27, 'Geol'),
('D.F.T', 'Diploma in Food Technology', 'other', 28, 'ChE'),
('M.F.T', 'Master of Food Technology', 'other', 29, 'ChE'),
('EIA/EMS', 'Environmental Impact Assement and Environmental Management System', 'other', 30, 'Min'),
('EAM', 'Environmental Assement and Management', 'other', 31, 'Min'),
('DESP', 'Diploma in English for Specific Purpose', 'other', 32, 'E'),
('MESP', 'Master of English for Specific Purpose', 'other', 33, 'E');

--
-- dummy data for subject table
--

INSERT INTO subject(code, name, department_code) VALUES
('M-11001', 'Myanmar I', 'M'),
('M-12001', 'Myanmar II', 'M'),
('E-11001', 'English I', 'E'),
('E-12001', 'English II', 'E'),
('E-21011', 'English III', 'E'),
('E-22001', 'English IV', 'E'),
('E-51011', 'English V', 'E'),
('E-52001', 'English V', 'E'),
('EM-11001', 'Applied Mathematics I', 'EM'),
('EM-12002', 'Modern Algebra and Analytic Geometry', 'EM'),
('EM-21003', 'Applied Mathematics III', 'EM'),
('EM-22004', 'Applied Mathematics IV', 'EM'),
('EM-31005', 'Applied Mathematics V', 'EM'),
('EM-32006', 'Applied Mathematics VI', 'EM'),
('EM-41007', 'Applied Matiematics VII', 'EM'),
('EM-42008', 'Applied Matiematics VII', 'EM'),
('EPh-11001', 'Engineering Physics I', 'EPh'),
('EPh-12001', 'Engineering Physics II', 'EPh'),
('EPh-31001', 'Modern Physics', 'EPh'),
('ECh-11001', 'Engineering Chemistry I', 'ECh'),
('ECh-12001', 'Engineering Chemistry II', 'ECh'),
('ECh-31002', 'Organic Chemistry', 'ECh'),
('Arch-11011', 'Basic Architectural Drawing I', 'Arch'),
('Arch-12011', 'Basic Architectural Drawing II', 'Arch'),
('ME-11011', 'Basic Engineering Drawing I', 'ME'),
('ME-12011', 'Basic Engineering Drawing II', 'ME'),
('CE-21002', 'Building Materials', 'CE'),
('CE-22012', 'Building Construction', 'CE'),
('CE-21003', 'Mechanics of Materials I', 'CE'),
('CE-22013', 'Mechanics of Materials II', 'CE'),
('CE-31001', 'Surveying I', 'CE'),
('CE-32011', 'Surveying II', 'CE'),
('CE-31013', 'Theory of Structures I', 'CE'),
('CE-32033', 'Theory of Structures II', 'CE'),
('CE-31012', 'Civil Engineering Drawing I', 'CE'),
('CE-32032', 'Civil Engineering Drawing II', 'CE'),
('CE-31007', 'Transportation Engineering I', 'CE'),
('CE-32017', 'Transportation Engineering II', 'CE'),
('CE-41013', 'Theory of Structures III', 'CE'),
('CE-41016', 'Hydraulic Engineering I', 'CE'),
('CE-42016', 'Hydraulic Engineering II', 'CE'),
('CE-41008', 'Environmental Engineering I', 'CE'),
('CE-42008', 'Environmental Engineering II', 'CE'),
('CE-41007', 'Transportation Engineering III', 'CE'),
('CE-42007', 'Transportation Engineering IV', 'CE'),
('CE-51062', 'Contracts Specifications and Estimation I', 'CE'),
('CE-52062', 'Contracts Specifications and Estimation II', 'CE'),
('WS-21012', 'Workshop Technology I', 'WS'),
('WS-22012', 'Workshop Technology II', 'WS'),
('ME-21015', 'Engineering Mechanics I', 'ME'),
('ME-22015', 'Engineering Mechanics II', 'ME'),
('ME-21021', 'Computer Aided Machine Drawing I', 'ME'),
('ME-22021', 'Computer Aided Machine Drawing II', 'ME'),
('ME-31016', 'Fluid Mechanics I', 'ME'),
('ME-32016', 'Fluid Mechanics II', 'ME'),
('ME-31025', 'Theory of Machines I', 'ME'),
('ME-32025', 'Theory of Machines II', 'ME'),
('ME-31013', 'Thermodynamics I', 'ME'),
('ME-32013', 'Thermodynamics II', 'ME'),
('ME-41022', 'Production Technology I', 'ME'),
('ME-42022', 'Production Technology II', 'ME'),
('ME-41032', 'Measurement and Instrumentation', 'ME'),
('ME-41031', 'Design of Machine Elements I', 'ME'),
('ME-42031', 'Design of Machine Elements II', 'ME'),
('ME-51041', 'Machine Design', 'ME'),
('ME-51018', 'Engineering Management I', 'ME'),
('ME-52018', 'Engineering Management II', 'ME'),
('EP-21011', 'Electrical Engineering Circuit Analysis I', 'EP'),
('EP-22011', 'Electrical Engineering Circuit Analysis II', 'EP'),
('EP-21013', 'Principle of Electrical Engineering I', 'EP'),
('EP-22013', 'Principle of Electrical Engineering II', 'EP'),
('EP-21014', 'Basic Electronics I', 'EP'),
('EP-22014', 'Digital Electronics', 'EP'),
('EP-22015', 'Fundamental Measurement', 'EP'),
('EP-22033', 'Computer Programming Language II', 'EP'),
('EP-31014', 'Power Electronic I', 'EP'),
('EP-32014', 'Power Electronic II', 'EP'),
('EP-31015', 'Advanced Measurement and Illumination', 'EP'),
('EP-31033', 'Electromagnetic Field', 'EP'),
('EP-32033', 'Electromagnetic Field II', 'EP'),
('EP-41027', 'Linear System I', 'EP'),
('EP-42027', 'Linear System II', 'EP'),
('EP-41042', 'Power System Network', 'EP'),
('EP-41012', 'Electrical Properties of Materials I', 'EP'),
('EP-42012', 'Electrical Properties of Materials II', 'EP'),
('EP-51012', 'Renewable Energy', 'EP'),
('EP-52042', 'Energy Storage System', 'EP'),
('EcE-21001', 'Circuit Theory I', 'EcE'),
('EcE-22001', 'Circuit Theory II', 'EcE'),
('EcE-21011', 'Micrelectronic Devices and Circuits I', 'EcE'),
('EcE-22011', 'Microelectronic Devices and Circuits II', 'EcE'),
('EcE-21014', 'Technical Programming I', 'EcE'),
('EcE-22014', 'Technical Programming II', 'EcE'),
('EcE-21021', 'Digital Electronics I', 'EcE'),
('EcE-22021', 'Digital Electronics II', 'EcE'),
('EcE-31001', 'Engineering Circuit Analysis I', 'EcE'),
('EcE-32001', 'Engineering Circuit Analysis II', 'EcE'),
('EcE-31002', 'Analog and Digital Communication I', 'EcE'),
('EcE-32002', 'Digital Communication II', 'EcE'),
('EcE-31005', 'Signal and Systems I', 'EcE'),
('EcE-32005', 'Signal and Systems II', 'EcE'),
('EcE-32031', 'Applied Electrical Engineering', 'EcE'),
('EcE-41003', 'Linear System I', 'EcE'),
('EcE-42003', 'Linear System II', 'EcE'),
('EcE-41012', 'Wireless Communication and Engineering I', 'EcE'),
('EcE-42012', 'Wireless Communication and Engineering II', 'EcE'),
('EcE-41021', 'Digital Design with HDL', 'EcE'),
('EcE-41005', 'Digital Signal Processing', 'EcE'),
('EcE-51005', 'Digital Signal Processing I', 'EcE'),
('EcE-51017', 'Automation Technologies I', 'EcE'),
('EcE-52015', 'Automation Technologies II', 'EcE'),
('IT-21013', 'Introduction to Computer System I', 'IT'),
('IT-21011', 'Digital Logic Design I', 'IT'),
('IT-22011', 'Digital Logic Design II', 'IT'),
('IT-22012', 'Graph Theory', 'IT'),
('IT-21014', 'Programming Language I', 'IT'),
('IT-22014', 'Programming Language II', 'IT'),
('IT-21021', 'Engineering Circuit Analysis I', 'IT'),
('IT-22021', 'Engineering Circuit Analysis II', 'IT'),
('IT-31012', 'Data Structure and Algorithm I', 'IT'),
('IT-31041', 'Operating System I', 'IT'),
('IT-32041', 'Operating System II', 'IT'),
('IT-31060', 'Data Communication and Networking I', 'IT'),
('IT-32060', 'Data Communication and Networking II', 'IT'),
('IT-31014', 'Programming Language III', 'IT'),
('IT-32014', 'Programming Language IV', 'IT'),
('IT-31035', 'Database Management System I', 'IT'),
('IT-32035', 'Database Management System II', 'IT'),
('IT-31031', 'Electronic Circuits and Devices', 'IT'),
('IT-32044', 'Microprocessor Programming', 'IT'),
('IT-41022', 'Information Theory I', 'IT'),
('IT-42022', 'Information Theory II', 'IT'),
('IT-41024', 'Software Engineering I', 'IT'),
('IT-42024', 'Software Engineering II', 'IT'),
('IT-41060', 'Data Communication and Networking II', 'IT'),
('IT-41014', 'Programming Language V', 'IT'),
('IT-42017', 'IT Security', 'IT'),
('IT-42051', 'Control System', 'IT'),
('IT-51023', 'Computer Architecture I', 'IT'),
('IT-51010', 'Wireless and Mobile Communication I', 'IT'),
('IT-52010', 'Wireless and Mobile Communication II', 'IT'),
('McE-21012', 'Factory Control Engineering I', 'McE'),
('McE-22012', 'Factory Control Engineering II', 'McE'),
('McE-21019', 'Computer System Architecture and Programming',  'McE'),
('McE-22019', 'Introduction to Industrial Control and Programmable Controller', 'McE'),
('McE-21046', 'Digital Electronics I', 'McE'),
('McE-22046', 'Digital Electronics II', 'McE'),
('McE-31026', 'Electronic Devices I', 'McE'),
('McE-32026', 'Electronic Devices II', 'McE'),
('McE-31016', 'Engineering Circuit Analysis I', 'McE'),
('McE-32016', 'Engineering Circuit Analysis II', 'McE'),
('McE-31027', 'Electronic Machine and Control I', 'McE'),
('McE-32027', 'Electronic Machine and Control II', 'McE'),
('McE-41036', 'Power Electronics I', 'McE'),
('McE-42036', 'Power Electronics II', 'McE'),
('McE-41022', 'Data Communication', 'McE'),
('McE-41077', 'Control Engineering I', 'McE'),
('McE-42077', 'Control Engineering II', 'McE'),
('McE-51057', 'Machine Vision I', 'McE'),
('McE-52057', 'Machine Vision II', 'McE'),
('ChE-21011', 'Material Balances', 'ChE'),
('ChE-22011', 'Energy Balances', 'ChE'),
('ChE-31012', 'Fluid Mechanics', 'ChE'),
('ChE-31013', 'Chemical Engineering Thermodynamics', 'ChE'),
('ChE-32022', 'Heat Transfer', 'ChE'),
('ChE-32013', 'Physical Chemistry', 'ChE'),
('ChE-41032', 'Mass Transfer', 'ChE'),
('ChE-41042', 'Particle Mechanics', 'ChE'),
('ChE-42012', 'Chemical Reaction Kinetics and Reactor Design', 'ChE'),
('ChE-42015', 'Quality Control and Experimental Design', 'ChE'),
('ChE-52046', 'Plant Designer for Chemical Engineers', 'ChE'),
('TE-21012', 'Yarn Forming Technology I', 'TE'),
('TE-22012', 'Yarn Forming Technology II', 'TE'),
('TE-31012', 'Yarn Forming Technology III', 'TE'),
('TE-31013', 'Weaving Technology I', 'TE'),
('TE-32013', 'Weaving Technology II', 'TE'),
('TE-31016', 'Textile Fibres', 'TE'),
('TE-32014', 'Fabric Design', 'TE'),
('TE-32016', 'Textile Polymer Science', 'TE'),
('TE-42015', 'Garment Technology', 'TE'),
('TE-42023', 'Kintting Technology', 'TE'),
('TE-51048', 'Textile Finishing', 'TE'),
('TE-52024', 'Fabric Analysis', 'TE'),
('Min-21012', 'Engineering Materials', 'Min'),
('Min-21011', 'Principles of Mining Engineering I', 'Min'),
('Min-22011', 'Principles of Mining Engineering II', 'Min'),
('Min-22013', 'Mine Surveying I', 'Min'),
('Min-31013', 'Mine Surveying II', 'Min'),
('Min-32013', 'Mine Surveying III', 'Min'),
('Min-31034', 'Mine Operations I', 'Min'),
('Min-32034', 'Mine Operations II', 'Min'),
('Min-31028', 'Mining Minerals and Environment I', 'Min'),
('Min-32028', 'Mining Minerals and Environment II', 'Min'),
('Min-41036', 'Mining Method I', 'Min'),
('Min-42036', 'Mining Method II', 'Min'),
('Min-41017', 'Material Handling I', 'Min'),
('Min-42017', 'Material Handling II', 'Min'),
('Min-51012', 'Mine Economic I', 'Min'),
('Min-52012', 'Mine Economic II', 'Min'),
('PE-21001', 'Fundamentals of Petroleum Engineering', 'PE'),
('PE-22002', 'Drilling Fluids', 'PE'),
('PE-31012', 'Drilling Engineering I', 'PE'),
('PE-31004', 'Reservoir Rock and Fluid Properties', 'PE'),
('PE-32003', 'Production Engineering I', 'PE'),
('PE-32014', 'Formation Evaluation', 'PE'),
('PE-42008', 'Petroleum Economics', 'PE'),
('PE-42034', 'Well Testing', 'PE'),
('PE-51025', 'Natural Gas Processing', 'PE'),
('PE-52008', 'Petroleum Economics', 'PE'),
('Met-21011', 'Introduction to Metallurgical Engineering I', 'Met'),
('Met-22011', 'Introduction to Metallurgical Engineering II', 'Met'),
('Met-31043', 'Engineering Materials Science', 'Met'),
('Met-31012', 'Mineral Processing I', 'Met'),
('Met-32012', 'Mineral Processing II', 'Met'),
('Met-31015', 'Fluid Flow', 'Met'),
('Met-31023', 'Introduction to Physical Metallurgy', 'Met'),
('Met-31014', 'Foundry Technology I', 'Met'),
('Met-42012', 'Mineral Processing III', 'Met'),
('Met-41031', 'Metallurgical Thermodynamics I', 'Met'),
('Met-41023', 'Principle of Physical Metallurgy I', 'Met'),
('Met-42031', 'Metallurgical Thermodynamics II', 'Met'),
('Met-42023', 'Principle of Physical Metallurgy II', 'Met'),
('Met-51051', 'Metallurgical Characterization', 'Met'),
('Met-52061', 'Corrosion Engineering', 'Met'),
('Arch-21021', 'Descriptive Geometry I', 'Arch'),
('Arch-21022', 'Architectural Drawings and Practices', 'Arch'),
('Arch-21014', 'Introduction to Visual Design I', 'Arch'),
('Arch-22014', 'Introduction to Visual Design II', 'Arch'),
('Arch-22018', 'Computer Application in Architectural Design', 'Arch'),
('Arch-22021', 'Descriptive Geometry II', 'Arch'),
('Arch-22022', 'Architectural Drawing and Practics II', 'Arch'),
('Arch-31016', 'Environmental Science and Building Technologies I', 'Arch'),
('Arch-31024', 'Fundamental of Architectural Design I', 'Arch'),
('Arch-32024', 'Fundamental of Architectural Design II', 'Arch'),
('Arch-31025', 'Architectural Materials and Construction I', 'Arch'),
('Arch-32025', 'Architectural Materials and Construction II', 'Arch'),
('Arch-31019', 'Design Studio I', 'Arch'),
('Arch-41022', 'Interior Design I', 'Arch'),
('Arch-42022', 'Interior Design II', 'Arch'),
('Arch-41034', 'Architectural Thoughts and Theory of Design I', 'Arch'),
('Arch-42034', 'Architectural Thoughts and Theory of Design II', 'Arch'),
('Arch-41035', 'Architectural Materials and Construction III', 'Arch'),
('Arch-42035', 'Architectural Materials and Construction IV', 'Arch'),
('Arch-51039', 'Design Studio V', 'Arch'),
('Arch-52039', 'Design Studio VI', 'Arch'),
('HSS-41001', 'Humanity and Social Sciences I', 'HSS'),
('HSS-42001', 'Humanity and Social Sciences II', 'HSS'),
('Geol-31003', 'Geology for Peteoleum Engineers', 'Geol'),
('Geol-42001', 'Mining Geology and Mineral Exploration II', 'Geol'),
('Geol-42003', 'Mineralogy and Petrology for Metallurgical Engineers II', 'Geol');

--
-- data for state_or_region table
--

INSERT INTO `ermsv2`.`state_or_region` (`id`, `name`, `suffix`, `code`, `id_mm`, `name_mm`, `suffix_mm`) 
VALUES  ('1', 'Kachin', 'State', 'KCN', '၁', 'ကချင်', 'ပြည်နယ်'),
	('2', 'Kayah', 'State', 'KYH', '၂', 'ကယား', 'ပြည်နယ်'),
	('3', 'Kayin', 'State', 'KYN', '၃', 'ကရင်', 'ပြည်နယ်'),
	('4', 'Chin', 'State', 'CHN', '၄', 'ချင်း', 'ပြည်နယ်'),
	('5', 'Sagaing', 'Region', 'SGG', '၅', 'စစ်ကိုင်း', 'တိုင်းဒေသကြီး'),
	('6', 'Tanintharyi', 'Region', 'TNI', '၆', 'တနင်္သာရီ', 'တိုင်းဒေသကြီး'),
	('7', 'Bago', 'Region', 'BGO', '၇', 'ပဲခူး', 'တိုင်းဒေသကြီး'),
	('8', 'Magway', 'Region', 'MGY', '၈', 'မကွေး', 'တိုင်းဒေသကြီး'),
	('9', 'Mandalay', 'Region', 'MDY', '၉', 'မန္တလေး', 'တိုင်းဒေသကြီး'),
	('10', 'Mon', 'State', 'MON', '၁၀', 'မွန်', 'ပြည်နယ်'),
	('11', 'Rakhine', 'State', 'RKE', '၁၁', 'ရခိုင်', 'ပြည်နယ်'),
	('12', 'Yangon', 'Region', 'YGN', '၁၂', 'ရန်ကုန်', 'တိုင်းဒေသကြီး'),
	('13', 'Shan', 'State', 'SHN', '၁၃', 'ရှမ်း', 'ပြည်နယ်'),
	('14', 'Ayeyawady', 'Region', 'AYY', '၁၄', 'ဧရာဝတီ', 'တိုင်းဒေသကြီး');

--
-- data for town table
-- 1.kachin state

INSERT INTO `ermsv2`.`town` (`pcode`, `code`, `code_mm`, `name`, `name_mm`, `state_or_region_id`)
VALUES 	('MMR001001701','MAKANA','မကန','Myitkyina','မြစ်ကြီးနား',1),
	('MMR001001702','CHABHATA','ဆဘတ','Sinbo','ဆင်ဘို',1),
	('MMR001002701','WAMANA','ဝမန','Waingmaw','ဝိုင်းမော်',1),
	('MMR001002702','CHADANA','ဆဒန','Sadung','ဆဒုံး',1),
	('MMR001002703','KAPATA','ကပတ','Kan Paik Ti','ကန်ပိုက်တီ',1),
	('MMR001003701','AHGAYA','အဂယ','Injangyang','အင်ဂျန်းယန်',1),
	('MMR001004702','RABAYA','ရဗယ','Shin Bway Yang','ရှင်ဗွေယန်',1),
	('MMR001005701','KHAPHANA','ခဖန','Chipwi','ချီဖွေ',1),
	('MMR001005702','PAWANA','ပဝန','Pang War','ပန်ဝါ',1),
	('MMR001006701','CHALANA','ဆလန','Tsawlaw','ဆော့လော်',1),
	('MMR001007701','MANNYANA','မညန','Mohnyin','မိုးညှင်း',1),
	('MMR001007702','HAPANA','ဟပန','Hopin','ဟိုပင်',1),
	('MMR001007703','MANNYANA','မညန','Inn Taw Gyi','အင်းတော်ကြီး',1),
	('MMR001007704','MANNYANA','မညန','Nam Mun','နန့်မွန်း',1),
	('MMR001007705','MANNYANA','မညန','Nam Mar','နန်းမား',1),
	('MMR001008701','MAKATA','မကတ','Mogaung','မိုးကောင်း',1),
	('MMR001008702','MAKATA','မကတ','Nammatee','နမ္မတီး',1),
	('MMR001009701','KAMANA','ကမန','Hpakant','ဖားကန့်',1),
	('MMR001009702','KAMANA','ကမန','Kamaing','ကာမိုင်း',1),
	('MMR001010701','BAMANA','ဗမန','Bhamo','ဗန်းမော်',1),
	('MMR001011701','RAKANA','ရကန','Shwegu','ရွှေကူ',1),
	('MMR001011702','MALANA','မလန','Myo Hla','မြို့လှ',1),
	('MMR001012701','MAMANA','မမန','Momauk','မိုးမောက်',1),
	('MMR001012702','LAGANA','လဂန','Lwegel','လွယ်ဂျယ်',1),
	('MMR001012703','DAPHAYA','ဒဖယ','Dawthponeyan','ဒေါ့ဖုန်းယန်',1),
	('MMR001013701','MACANA','မစန','Mansi','မံစီ',1),
	('MMR001014701','PATAAH','ပတအ','Puta-O','ပူတာအို',1),
	('MMR001015701','CHAPABHA','ဆပဘ','Sumprabum','ဆွမ်ပရာဘွမ်',1),
	('MMR001016701','MAKHABHA','မခဘ','Machanbaw','မချမ်းဘော',1),
	('MMR001017701','NAMANA','နမန','Nawngmun','နောင်မွန်း',1),
	('MMR001017702','PANADA','ပနဒ','Pannandin','ပန်နန်းဒင်',1),
	('MMR001018701','KHAPHANA','ခဖန','Khaunglanhpu','ခေါင်လန်ဖူး',1),
	('NEW001019701','KHABHADA','ခဘဒ','NULL','NULL',1),
	('NEW001019702','KHABADA','ခဗဒ','NULL','NULL',1);

-- 2.kayah state

INSERT INTO `ermsv2`.`town` (`pcode`, `code`, `code_mm`, `name`, `name_mm`, `state_or_region_id`)
VALUES	('MMR002001701','LAKANA','လကန','Loikaw','လွိုင်ကော်',2),
	('MMR002001702','LAKANA','လကန','Loilenlay','လွိုင်လင်လေး',2),
	('MMR002002701','DAMACHA','ဒမဆ','Demoso','ဒီမောဆို',2),
	('MMR002002702','DAMACHA','ဒမဆ','Nanmeikhon','နန်းမယ်ခုံ',2),
	('MMR002003701','PHARACHA','ဖရဆ','Hpruso','ဖရူဆို',2),
	('MMR002004701','RATANA','ရတန','Shadaw','ရှားတော',2),
	('MMR002005701','BHALAKHA','ဘလခ','Bawlakhe','ဘော်လခဲ',2),
	('MMR002005702','RASANA','ရသန','Ywarthit','ရွာသစ်',2),
	('MMR002006701','PHACHANA','ဖဆန','Hpasawng','ဖားဆောင်း',2),
	('MMR002007701','MACANA','မစန','Mese','မယ်စဲ့',2);

-- 3.kayin state

INSERT INTO `ermsv2`.`town` (`pcode`, `code`, `code_mm`, `name`, `name_mm`, `state_or_region_id`)
VALUES	('MMR003001701','BHAAHNA','ဘအန','Hpa-An','ဘားအံ',3),
	('MMR003002701','LABHANA','လဘန','Hlaingbwe','လှိုင်းဘွဲ့',3),
	('MMR003002702','PAKANA','ပကန','Paingkyon','ပိုင်ကျုံ',3),
	('MMR003002703','RARASA','ရရသ','Shanywarthit','ရှမ်းရွာသစ်',3),
	('MMR003003701','PHAPANA','ဖပန','Hpapun','ဖာပွန်',3),
	('MMR003003702','KAMAMA','ကမမ','Kamarmaung','ကမမောင်း',3),
	('MMR003004701','SATAKA','သတက','Thandaunggyi','သံတောင်ကြီး',3),
	('MMR003004702','SATAKA','သတက','Thandaung','သံတောင်',3),
	('MMR003004703','LASANA','လသန','Leiktho','လိပ်သို',3),
	('MMR003004704','BHAGALA','ဘဂလ','Bawgali','ဘောဂလိ',3),
	('MMR003005701','MAWATA','မဝတ','MyawNEWy','မြဝတီ',3),
	('MMR003005702','CAKALA','စကလ','Sugali','စုကလိ',3),
	('MMR003005703','WALAMA','ဝလမ','Wawlaymyaing','ဝေါလေမြိုင်',3),
	('MMR003006701','KAKARA','ကကရ','Kawkareik','ကော့ကရိတ်',3),
	('MMR003006702','KAKARA','ကကရ','Kyondoe','ကျုံဒိုး',3),
	('MMR003007701','KACHAKA','ကဆက','Kyain Seikgyi','ကြာအင်းဆိပ်ကြီး',3),
	('MMR003007702','BHASACHA','ဘသဆ','Payarthonezu','ဘုရားသုံးဆူ',3),
	('MMR003007703','KADANA','ကဒန','Kyaikdon','ကျိုက်ဒုံ',3);


-- 4.chin state

INSERT INTO `ermsv2`.`town` (`pcode`, `code`, `code_mm`, `name`, `name_mm`, `state_or_region_id`)
VALUES	('MMR004001701','PHALANA','ဖလန','Falam','ဖလမ်း',4),
	('MMR004001702','RAKHADA','ရခဒ','Rihkhawdar','ရိခေါ်ဒါရ်',4),
	('MMR004001703','PHALANA','ဖလန','Webula','ဝေဘူလ',4),
	('MMR004002701','HAKHANA','ဟခန','Hakha','ဟားခါး',4),
	('MMR004002702','HAKHANA','ဟခန','Surkhua','ဆူရ်ခွား',4),
	('MMR004003701','THATALA','ထတလ','Thantlang','ထန်တလန်',4),
	('MMR004003702','THATALA','ထတလ','Hnaring','နှာဟရိန်',4),
	('MMR004004701','TATANA','တတန','Tedim','တီးတိန်',4),
	('MMR004004702','TATANA','တတန','Khaikam','ခိုင်ကမ်း',4),
	('MMR004005701','TAJANA','တဇန','Tonzang','တွန်းဇန်',4),
	('MMR004005702','KAKHANA','ကခန','Cikha','ကျီခါး',4),
	('MMR004006701','MATANA','မတန','Mindat','မင်းတပ်',4),
	('MMR004006702','MATANA','မတန',"M'kuiimnu",'မကွီအိမ်နူး',4),
	('MMR004007701','MATAPA','မတပ','Matupi','မတူပီ',4),
	('MMR004007702','RAJANA','ရဇန','Rezua','ရေဇွာ',4),
	('MMR004007703','MATAPA','မတပ','Lalengpi','လိုင်လင်းပီ',4),
	('MMR004008701','KAPALA','ကပလ','Kanpetlet','ကန်ပက်လက်',4),
	('MMR004008702','KAPALA','ကပလ','Kyin Dway','ကျင်ဒွေး',4),
	('MMR004009701','PALAWA','ပလဝ','Paletwa','ပလက်ဝ',4),
	('MMR004009702','CHAMANA','ဆမန','Samee','ဆမီး',4);


-- 5.Sagaing Region

INSERT INTO `ermsv2`.`town` (`pcode`, `code`, `code_mm`, `name`, `name_mm`, `state_or_region_id`)
VALUES 	('MMR005001701','CAKANA','စကန','Sagaing','စစ်ကိုင်း',5),
	('MMR005001702','CAKANA','စကန','Sar Taung','ဆားတောင်',5),
	('MMR005002701','MAMANA','မမန','Myinmu','မြင်းမူ',5),
	('MMR005003701','MAMATA','မမတ','Myaung','မြောင်',5),
	('MMR005004701','RABHANA','ရဘန','Shwebo','ရွှေဘို',5),
	('MMR005004702','KAMANA','ကမန','Kyauk Myaung','​ကျောက်မြောင်း',5),
	('MMR005005701','KHAOUTA','ခဥတ','Khin-U','ခင်ဦး',5),
	('MMR005006701','WALANA','ဝလန','Wetlet','ဝက်လက်',5),
	('MMR005007701','KABHALA','ကဘလ','Kanbalu','ကန့်ဘလူ',5),
	('MMR005007702','KABHALA','ကဘလ','Zee Kone','ဇီးကုန်း',5),
	('MMR005008701','KALANA','ကလန','Kyunhla','ကျွန်းလှ',5),
	('MMR005009701','RAOUNA','ရဥန','Ye-U','ရေဦး',5),
	('MMR005010701','DAPAYA','ဒပယ','Tabayin','ဒီပဲယင်း',5),
	('MMR005010702','DAPAYA','ဒပယ','Saing Pyin','စိုင်ပြင်',5),
	('MMR005011701','TACHANA','တဆန','Taze','တန့်ဆည်',5),
	('MMR005012701','MARANA','မရန','Monywa','မုံရွာ',5),
	('MMR005013701','BHATALA','ဘတလ','Budalin','ဘုတလင်',5),
	('MMR005014701','AHRATA','အရတ','Ayadaw','အရာတော်',5),
	('MMR005015701','KHAOUNA','ခဥန','Chaung-U','ချောင်းဦး',5),
	('MMR005016701','YAMAPA','ယမပ','Yinmarbin','ယင်းမာပင်',5),
	('MMR005017701','KANANA','ကနန','Kani','ကနီ',5),
	('MMR005018701','CHALAKA','ဆလက','Salingyi','ဆားလင်းကြီး',5),
	('MMR005019701','PALANA','ပလန','Pale','ပုလဲ',5),
	('MMR005020701','KASANA','ကသန','Katha','ကသာ',5),
	('MMR005021701','AHTANA','အတန','Indaw','အင်းတော်',5),
	('MMR005021702','AHTANA','အတန','Maw Lu','မော်လူး',5),
	('MMR005022701','THAKHANA','ထခန','Tigyaing','ထီးချိုင့်',5),
	('MMR005023701','BAMANA','ဗမန','Banmauk','ဗန်းမောက်',5),
	('MMR005024701','KALATA','ကလတ','Kawlin','ကောလင်း',5),
	('MMR005025701','WASANA','ဝသန','Wuntho','ဝန်းသို',5),
	('MMR005026701','PALABHA','ပလဘ','Pinlebu','ပင်လည်ဘူး',5),
	('MMR005027701','KALATHA','ကလထ','Kale','ကလေး',5),
	('MMR005028701','KALAWA','ကလဝ','Kalewa','ကလေးဝ',5),
	('MMR005029701','MAKANA','မကန','Mingin','မင်းကင်း',5),
	('MMR005030701','TAMANA','တမန','Tamu','တမူး',5),
	('MMR005030702','MASANA','မသန','Myothit','မြို့သစ်',5),
	('MMR005031701','MALANA','မလန','Mawlaik','မော်လိုက်',5),
	('MMR005032701','PHAPANA','ဖပန','Paungbyin','ဖောင်းပြင်',5),
	('MMR005033701','KHATANA','ခတန','Hkamti','ခန္တီး',5),
	('MMR005034701','HAMALA','ဟမလ','Homalin','ဟုမ္မလင်း',5),
	('MMR005034702','HAMALA','ဟမလ','Shwe Pyi Aye','ရွှေပြည်အေး',5),
	('MMR005034703','HAMALA','ဟမလ','Mo Waing Lut','မိုဝိုင်းလွတ်',5),
	('MMR005035701','LARANA','လရန','Lay Shi','လေရှီး',5),
	('MMR005035702','MAPALA','မပလ','Mo Paing Lut','မိုပိုင်းလွတ်',5),
	('MMR005035703','CHAMARA','ဆမရ','Sum Ma Rar','ဆွမ္မရာ',5),
	('MMR005036701','LAHANA','လဟန','Lahe','လဟယ်',5),
	('MMR005036702','THAPAKHA','ထပခ','Htan Par Kway','ထန်ပါခွေ',5),
	('MMR005037701','NAYANA','နယန','Nanyun','နန်းယွန်း',5),
	('MMR005037702','PACHANA','ပဆန','Pansaung','ပန်ဆောင်',5),
	('MMR005037703','DAHANA','ဒဟန','Don Hee','ဒုံဟီး',5),
	('MMR005030703','KHAPANA','ခပန','Khampat','ခါမ်းပါတ်',5);
	

-- 6.Tanintharyi Region

INSERT INTO `ermsv2`.`town` (`pcode`, `code`, `code_mm`, `name`, `name_mm`, `state_or_region_id`)	
VALUES	('MMR006001701','THAWANA','ထဝန','Dawei','ထားဝယ်',6),
	('MMR006001702','MATANA','မတန','Myitta','မေတ္တာ',6),
	('MMR006002701','LALANA','လလန','Launglon','လောင်းလုံး',6),
	('MMR006003701','SARAKHA','သရခ','Thayetchaung','သရက်ချောင်း',6),
	('MMR006004701','RAPHANA','ရဖန','Yebyu','ရေဖြူ',6),
	('MMR006004702','KALAAH','ကလအ','Kaleinaung','ကလိန်အောင်',6),
	('MMR006005701','MAMANA','မမန','Myeik','မြိတ်',6),
	('MMR006006701','KACANA','ကစန','Kyunsu','ကျွန်းစု',6),
	('MMR006007701','PALANA','ပလန','Palaw','ပုလော',6),
	('MMR006007702','PALATA','ပလတ','Palauk','ပလောက်',6),
	('MMR006007703','PALANA','ပလန','Pala','ပလ',6),
	('MMR006008701','TASARA','တသရ','Tanintharyi ','တနင်္သာရီ',6),
	('MMR006008702','TASARA','တသရ','Maw Taung','မောတောင်',6),
	('MMR006009701','KASANA','ကသန','Kawthoung','ကော့သောင်း',6),
	('MMR006009702','KHAMAKA','ခမက','Khamaukgyi','ခမောက်ကြီး',6),
	('MMR006010701','BHAPANA','ဘပန','Bokpyin','ဘုတ်ပြင်း',6),
	('MMR006010702','PAKAMA','ပကမ','Pyigyimandaing','ပြည်ကြီးမဏ္ဍိုင်',6),
	('MMR006010703','KARARA','ကရရ','Karathuri','ကရသူရိ',6),
	('NEW006005702','MAAHNA','မအန','NULL','NULL',6),
	('NEW006005703','MAAHRA','မအရ','NULL','NULL',6);

	
-- 7. Bago Region
	
INSERT INTO `ermsv2`.`town` (`pcode`, `code`, `code_mm`, `name`, `name_mm`, `state_or_region_id`)	
VALUES 	('MMR007001701','PAKHANA','ပခန','Bago','ပဲခူး',7),
	('MMR007001702','PAKHANA','ပခန','Hpayargyi','ဘုရားကြီး',7),
	('MMR007001703','PAKHANA','ပခန','Inntakaw','အင်းတကော်',7),
	('MMR007002701','SANAPA','သနပ','Thanatpin','သနပ်ပင်',7),
	('MMR007003701','KAWANA','ကဝန','Kawa','ကဝ',7),
	('MMR007003702','KAWANA','ကဝန','Thetkala','သက္ကလ',7),
	('MMR007004701','WAMANA','ဝမန','Waw','ဝေါ',7),
	('MMR007005701','NNYALAPA','ညလပ','Nyaunglebin','ညောင်လေးပင်',7),
	('MMR007005702','NNYALAPA','ညလပ','Madauk','မဒေါက်',7),
	('MMR007005703','NNYALAPA','ညလပ','Pyuntasa','ပြွန်တန်ဆာ',7),
	('MMR007005704','NNYALAPA','ညလပ','Peinzalok','ပိန်းဇလုပ်',7),
	('MMR007006701','KATAKHA','ကတခ','Kyauktaga','ကျောက်တံခါး',7),
	('MMR007006702','KATAKHA','ကတခ','Penwegon','ပဲနွယ်ကုန်း',7),
	('MMR007006703','KATAKHA','ကတခ','Hpa Do','ဖဒို',7),
	('MMR007007701','DAOUNA','ဒဥန','Daik-U','ဒိုက်ဦး',7),
	('MMR007008701','RAKANA','ရကန','Shwegyin','ရွှေကျင်',7),
	('MMR007009701','TANGANA','တငန','Taungoo','တောင်ငူ',7),
	('MMR007009702','TANGANA','တငန','Kaytumati','ကေတုမတီ',7),
	('MMR007010701','RATARA','ရတရ','Yedashe','ရေတာရှည်',7),
	('MMR007010702','RATARA','ရတရ','Hswar','ဆွာ',7),
	('MMR007010703','RATARA','ရတရ','Yae Ni','ရေနီ',7),
	('MMR007010704','RATARA','ရတရ','Myo Hla','မြို့လှ',7),
	('MMR007011701','KAKANA','ကကန','Kyaukkyi','ကျောက်ကြီး',7),
	('MMR007012701','PHAMANA','ဖမန','Phyu','ဖြူး',7),
	('MMR007012702','PHAMANA','ဖမန','Kanyutkwin','ကညွတ်ကွင်း',7),
	('MMR007012703','PHAMANA','ဖမန','Zayyawadi','ဇေယျ၀တီ',7),
	('MMR007013701','AHTANA','အတန','Oktwin','အုတ်တွင်း',7),
	('MMR007013702','AHTANA','အတန','Kywe Pwe','ကျွဲပွဲ',7),
	('MMR007014701','THATAPA','ထတပ','Htantabin','ထန်းတပင်',7),
	('MMR008001701','PAMANA','ပမန','Pyay','ပြည်',7),
	('MMR008001702','PAMANA','ပမန','Paungdale','ပေါင်းတလည်',7),
	('MMR008002701','PAKHATA','ပခတ','Paukkhaung','ပေါက်ခေါင်း',7),
	('MMR008003701','PATANA','ပတန','Padaung','ပန်းတောင်း',7),
	('MMR008003702','PATANA','ပတန','Oakshitpin','ဥရှစ်ပင်',7),
	('MMR008004701','PATATA','ပတန','Paungde','ပေါင်းတည်',7),
	('MMR008005701','SAKANA','သကန','Thegon','သဲကုန်း',7),
	('MMR008005702','SAKANA','သကန','Puteekone','ပုတီးကုန်း',7),
	('MMR008005703','SAKANA','သကန','Inn Ma','အင်းမ',7),
	('MMR008005704','SAKANA','သကန','Sin Mee Swea','ဆင်မြီးဆွဲ',7),
	('MMR008006701','RATANA','ရတန','Shwedaung','ရွှေတောင်',7),
	('MMR008007701','SAWATA','သဝတ','Thayarwady','သာယာဝတီ',7),
	('MMR008007702','SAWATA','သဝတ','Thonse','သုံးဆယ်',7),
	('MMR008008701','LAPATA','လပတ','Letpadan','လက်ပံတန်း',7),
	('MMR008009701','MALANA','မလန','Minhla','မင်းလှ',7),
	('MMR008009702','MALANA','မလန','Sit Kwin','စစ်ကွင်း',7),
	('MMR008010701','AHPHANA','အဖန','Okpho','အုတ်ဖို',7),
	('MMR008010702','AHPHANA','အဖန','Oe Thei Kone','အိုးသည်ကုန်း',7),
	('MMR008011701','JAKANA','ဇကန','Zigon','ဇီးကုန်း',7),
	('MMR008012701','NATALA','နတလ','Nattalin','နတ်တလင်း',7),
	('MMR008012702','NATALA','နတလ','Tar Pun','တာပွန်',7),
	('MMR008013701','MANNYANA','မညန','Monyo','မိုးညို',7),
	('MMR008014701','KAPAKA','ကပက','Gyobingauk','ကြို့ပင်ကောက်',7);
	
	
-- 8. Magway Region
	
INSERT INTO `ermsv2`.`town` (`pcode`, `code`, `code_mm`, `name`, `name_mm`, `state_or_region_id`)	
VALUES	('MMR009001701','MAKANA','မကန','Magway','မကွေး',8),
	('MMR009002701','RANAKHA','ရနခ','Yenangyaung','ရေနံချောင်း',8),
	('MMR009003701','KHAMANA','ခမန','Chauk','ချောက်',8),
	('MMR009003702','KHAMANA','ခမန','Sa Lay','စလေ',8),
	('MMR009004701','TATAKA','တတက','Taungdwingyi','တောင်တွင်းကြီး',8),
	('MMR009005701','MASANA','မသန','Myothit','မြို့သစ်',8),
	('MMR009006701','NAMANA','နမန','Natmauk','နတ်မောက်',8),
	('MMR009007701','MABHANA','မဘန','Minbu','မင်းဘူး',8),
	('MMR009007702','MABHANA','မဘန','Saku','စကု',8),
	('MMR009008701','PAPHANA','ပဖန','Pwintbyu','ပွင့်ဖြူ',8),
	('MMR009009701','NGAPHANA','ငဖန','Ngape','ငဖဲ',8),
	('MMR009010701','CALANA','စလန','Salin','စလင်း',8),
	('MMR009010702','CALANA','စလန','Sinphyukyun','ဆင်ဖြူကျွန်း',8),
	('MMR009011701','CATARA','စတရ','Sidoktaya','စေတုတ္ထရာ',8),
	('MMR009012701','SARANA','သရန','Thayet','သရက်',8),
	('MMR009013701','MALANA','မလန','Minhla','မင်းလှ',8),
	('MMR009014701','MATANA','မတန','Mindon','မင်းတုန်း',8),
	('MMR009015701','KAMANA','ကမန','Kamma','ကံမ',8),
	('MMR009016701','AHLANA','အလန','Aunglan','အောင်လံ',8),
	('MMR009017701','CHAPAWA','ဆပဝ','Sinbaungwe','ဆင်ပေါင်ဝဲ',8),
	('MMR009018701','PAKHAKA','ပခက','Pakokku','ပခုက္ကူ',8),
	('MMR009018702','PAKHAKA','ပခက','Kamma','ကမ္မ',8),
	('MMR009018703','PAKHAKA','ပခက','Myit Chay','မြစ်ခြေ',8),
	('MMR009019701','RACAKA','ရစက','Yesagyo','ရေစကြို',8),
	('MMR009020701','MAMANA','မမန','Myaing','မြိုင်',8),
	('MMR009021701','PAMANA','ပမန','Pauk','ပေါက်',8),
	('MMR009022701','CHAPHANA','ဆဖန','Seikphyu','ဆိပ်ဖြူ',8),
	('MMR009023701','GAGANA','ဂဂန','Gangaw','ဂန့်ဂေါ',8),
	('MMR009023702','GAGANA','ဂဂန','Kyaw','ကျော',8),
	('MMR009024701','THALANA','ထလန','Tilin','ထီးလင်း',8),
	('MMR009025701','CHAMANA','ဆမန','Saw','ဆော',8),
	('MMR009025702','KATHANA','ကထန','Kyaukhtu','ကျောက်ထု',8),
	('NEW009026701','MATHANA','မထန','NULL','NULL',8);
	
-- 9. mandalay Region
	
INSERT INTO `ermsv2`.`town` (`pcode`, `code`, `code_mm`, `name`, `name_mm`, `state_or_region_id`)	
VALUES	('MMR010000777','NULL','NULL','Mandalay City','မန္တလေး',9),
	('MMR010001701','AHMAJA','အမဇ','Aungmyaythazan','အောင်မြေသာဇံ',9),
	('MMR010002701','KHAAHJA','ခအဇ','Chanayethazan','ချမ်းအေးသာဇံ',9),
	('MMR010003701','MAHAMA','မဟမ','Mahaaungmyay','မဟာအောင်မြေ',9),
	('MMR010004701','KHAMACA','ခမစ','Chanmyathazi','ချမ်းမြသာစည်',9),
	('MMR010005701','PAKAKHA','ပကခ','Pyigyitagon','ပြည်ကြီးတံခွန်',9),
	('MMR010006701','AHMARA','အမရ','Amarapura','အမရပူရ',9),
	('MMR010006702','AHMARA','အမရ','Myitnge','မြစ်ငယ်',9),
	('MMR010007701','PASAKA','ပသက','Patheingyi','ပုသိမ်ကြီး',9),
	('MMR010008701','PAOULA','ပဥလ','Pyinoolwin','ပြင်ဦးလွင်',9),
	('MMR010009701','MATARA','မတရ','Madaya','မတ္တရာ',9),
	('MMR010010701','CAKANA','စကန','Singu','စဉ့်ကူး',9),
	('MMR010011701','MAKANA','မကန','Mogoke','မိုးကုတ်',9),
	('MMR010012701','SAPAKA','သပက','Thabeikkyin','သပိတ်ကျင်း',9),
	('MMR010012702','TAKATA','တကတ','Takaung','တကောင်း',9),
	('MMR010013701','KACHANA','ကဆန','Kyaukse','ကျောက်ဆည်',9),
	('MMR010014701','CAKATA','စကတ','Sintgaing','စဉ့်ကိုင်',9),
	('MMR010015701','MASANA','မသန','Myittha','မြစ်သား',9),
	('MMR010015702','MASANA','မသန','Ku Me','ကူမဲ',9),
	('MMR010016701','TATAOU','တတဥ','Tada-U','တံတားဦး',9),
	('MMR010017701','MAKHANA','မခန','Myingyan','မြင်းခြံ',9),
	('MMR010017702','MAKHANA','မခန','Si Mee Khon','ဆီမီးခုံ',9),
	('MMR010018701','TASANA','တသန','Taungtha','တောင်သာ',9),
	('MMR010019701','NATHAKA','နထက','Natogyi','နွားထိုးကြီး',9),
	('MMR010020701','KAPATA','ကပတ','Kyaukpadaung','ကျောက်ပန်းတောင်း',9),
	('MMR010021701','NGAJANA','ငဇန','Ngazun','ငါန်းဇွန်',9),
	('MMR010022701','NNYAOUNA','ညဥန','Nyaung-U','ညောင်ဦး',9),
	('MMR010022702','NNYAOUNA','ညဥန','Bagan','ပုဂံ',9),
	('MMR010022703','NGASARA','ငသရ','Ngathayauk','ငါ့သရောက်',9),
	('MMR010023701','RAMASA','ရမသ','Yamethin','ရမည်းသင်း',9),
	('MMR010024701','PABHANA','ပဘန','Pyawbwe','ပျော်ဘွယ်',9),
	('MMR010028701','MATHALA','မထလ','Meiktila','မိတ္ထီလာ',9),
	('MMR010029701','MALANA','မလန','Mahlaing','မလှိုင်',9),
	('MMR010030701','SACANA','သစန','Thazi','သာစည်',9),
	('MMR010031701','WATANA','ဝတန','Wundwin','ဝမ်းတွင်း',9),
	('MMR018000777','NAPATA','နပတ','Nay Pyi Taw','နေပြည်တော်',9),
	('MMR018001701','JAYASA','ဇယသ','Zay Yar Thi Ri','ဇေယျာသီရိ',9),
	('MMR018002701','JABASA','ဇဗသ','Za Bu Thi Ri','ဇမ္ဗူသီရိ',9),
	('MMR018003701','TAKANA','တကန','Tatkon','တပ်ကုန်း',9),
	('MMR018004701','DAKHASA','ဒခသ','Det Khi Na Thi Ri','ဒက္ခိဏသီရိ',9),
	('MMR018005701','PABASA','ပဗသ','Poke Ba Thi Ri','ပုဗ္ဗသီရိ',9),
	('MMR018006701','PAMANA','ပမန','Pyinmana','ပျဉ်းမနား',9),
	('MMR018007701','LAWANA','လဝန','Lewe','လယ်ဝေး',9),
	('MMR018008701','OUTASA','ဥတသ','Oke Ta Ra Thi Ri','ဥတ္တရသီရိ',9),
	('NEW010032701','MAMANA','မမန','NULL','NULL',9),
	('NEW010032702','MANAMA','မနမ','NULL','NULL',9),
	('NEW010032703','MANATA','မနတ','NULL','NULL',9),
	('NEW010032704','MAYAMA','မယမ','NULL','NULL',9),
	('NEW010032705','MAYATA','မယတ','NULL','NULL',9),
	('NEW010032706','MARAMA','မရမ','NULL','NULL',9),
	('NEW010032707','MARATA','မရတ','NULL','NULL',9);
	
	
-- 10. Mon State
	
INSERT INTO `ermsv2`.`town` (`pcode`, `code`, `code_mm`, `name`, `name_mm`, `state_or_region_id`)	
VALUES	('MMR011001701','MALAMA','မလမ','Mawlamyine','မော်လမြိုင်',10),
	('MMR011002701','KAMARA','ကမရ','Kyaikmaraw','ကျိုက်မရော',10),
	('MMR011003701','KHACHANA','ခဆန','Chaungzon','ချောင်းဆုံ',10),
	('MMR011004701','SAPHARA','သဖရ','Thanbyuzayat','သံဖြူဇရပ်',10),
	('MMR011004702','SAPHARA','သဖရ','Kyaikkhami','ကျိုက္ခမီ',10),
	('MMR011005701','MADANA','မဒန','Mudon','မုဒုံ',10),
	('MMR011005702','MADANA','မဒန','Kamarwet','ကမာ၀က်',10),
	('MMR011006701','RAMANA','ရမန','Ye','ရေး',10),
	('MMR011006702','LAMANA','လမန','Lamaing','လမိုင်း',10),
	('MMR011006703','KHAJANA','ခဇန','Khawzar','ခေါဇာ',10),
	('MMR011007701','SATHANA','သထန','Thaton','သထုံ',10),
	('MMR011007702','SATHANA','သထန','Thuwunnawady','သုဝဏ္ဏဝတီ',10),
	('MMR011008701','PAMANA','ပမန','Paung','ပေါင်',10),
	('MMR011008702','PAMANA','ပမန','Zinkyaik','ဇင်းကျိုက်',10),
	('MMR011009701','KATHANA','ကထန','Kyaikto','ကျိုက်ထို',10),
	('MMR011009702','KATHANA','ကထန','Thein Za Yat','သိမ်ဇရပ်',10),
	('MMR011010701','BHALANA','ဘလန','Bilin','ဘီးလင်း',10);
	
	
-- 11. Rakhine State
	
INSERT INTO `ermsv2`.`town` (`pcode`, `code`, `code_mm`, `name`, `name_mm`, `state_or_region_id`)	
VALUES	('MMR012001701','CATANA','စတန','Sittwe','စစ်တွေ',11),
	('MMR012002701','PANNAKA','ပဏက','Ponnagyun','ပုဏ္ဏားကျွန်း',11),
	('MMR012003701','MAOUNA','မဥန','Mrauk-U','မြောက်ဦး',11),
	('MMR012004701','KATANA','ကတန','Kyauktaw','ကျောက်တော်',11),
	('MMR012005701','MAPANA','မပန','Minbya','မင်းပြား',11),
	('MMR012006701','MAPATA','မပတ','Myebon','မြေပုံ',11),
	('MMR012006702','MAPATA','မပတ','Kanhtauntkyi','ကမ်းထောင့်ကြီး',11),
	('MMR012007701','PATANA','ပတန','Pauktaw','ပေါက်တော',11),
	('MMR012008701','RASATA','ရသတ','Rathedaung','ရသေ့တောင်',11),
	('MMR012009701','MATANA','မတန','Maungdaw','မောင်တော',11),
	('MMR012009702','TAPAWA','တပဝ','Taungpyoletwea','တောင်ပြိုလက်ဝဲ',11),
	('MMR012009703','MATANA','မတန','Kha Maung Seik','ခမောင်းဆိပ်',11),
	('MMR012009704','MATANA','မတန','Myin Hlut','မြင်းလွှတ်',11),
	('MMR012010701','BHASATA','ဘသတ','Buthidaung','ဘူးသီးတောင်',11),
	('MMR012011701','KAPHANA','ကဖန','Kyaukpyu','ကျောက်ဖြူ',11),
	('MMR012011702','KAPHANA','ကဖန','Sa Ne','စနဲ',11),
	('MMR012012701','MAAHNA','မအန','Munaung','မာန်အောင်',11),
	('MMR012013701','RABANA','ရဗန','Ramree','ရမ်းဗြဲ',11),
	('MMR012013702','RABANA','ရဗန','Lay Taung','လေးတောင်',11),
	('MMR012014701','AHMANA','အမန','Ann','အမ်း',11),
	('MMR012014702','AHMANA','အမန','Tat Taung','တပ်တောင်',11),
	('MMR012015701','SATANA','သတန','Thandwe','သံတွဲ',11),
	('MMR012015702','SATANA','သတန','Ngapali','ငပလီ',11),
	('MMR012016701','TAKANA','တကန','Toungup','တောင်ကုတ်',11),
	('MMR012016702','MAAHTA','မအတ','Ma-Ei','မအီ',11),
	('MMR012016703','TAKANA','တကန','Tan Hlwe Ywar Ma','တန်းလွဲရွာမ',11),
	('MMR012017701','GAMANA','ဂမန','Gwa','ဂွ',11),
	('MMR012017702','KATALA','ကတလ','Kyeintali','ကျိန္တလီ',11);
	
	
-- 12.Yangon Region
	
INSERT INTO `ermsv2`.`town` (`pcode`, `code`, `code_mm`, `name`, `name_mm`, `state_or_region_id`)	
VALUES	('MMR013000777','NULL','NULL','Yangon City','ရန်ကုန်',12),
	('MMR013001701','AHCANA','အစန','Insein','အင်းစိန်',12),
	('MMR013002701','MAGADA','မဂဒ','Mingaladon','မင်္ဂလာဒုံ',12),
	('MMR013002702','MAGADA','မဂဒ','Htaukkyant','ထောက်ကြန့်',12),
	('MMR013003701','MABHANA','မဘန','Hmawbi','မှော်ဘီ',12),
	('MMR013004701','LAKANA','လကန','Hlegu','လှည်းကူး',12),
	('MMR013005701','TAKANA','တကန','Taikkyi ','တိုက်ကြီး',12),
	('MMR013005702','TAKANA','တကန','Okekan','ဥက္ကံ',12),
	('MMR013005703','TAKANA','တကန','Ahpyauk','အဖျောက်',12),
	('MMR013006701','THATAPA','ထတပ','Htantabin','ထန်းတပင်',12),
	('MMR013007701','RAPASA','ရပသ','Shwepyithar','ရွှေပြည်သာ',12),
	('MMR013008701','LASAYA','လသယ','Hlaingtharya','လှိုင်သာယာ',12),
	('MMR013009701','SAGHAKA','သဃက','Thingangyun','သင်္ဃန်းကျွန်း',12),
	('MMR013010701','RAKANA','ရကန','Yankin','ရန်ကင်း',12),
	('MMR013011701','OUKATA','ဥကတ','South Okkalapa','တောင်ဥက္ကလာပ',12),
	('MMR013012701','OUKAMA','ဥကမ','North Okkalapa','မြောက်ဥက္ကလာပ',12),
	('MMR013013701','SAKATA','သကတ','Thaketa','သာကေတ',12),
	('MMR013014701','DAPANA','ဒပန','Dawbon','ဒေါပုံ',12),
	('MMR013015701','TAMANA','တမန','Tamwe','တာမွေ',12),
	('MMR013016701','PAJATA','ပဇတ','Pazundaung','ပုဇွန်တောင်',12),
	('MMR013017701','BATATHA','ဗတထ','Botahtaung','ဗိုလ်တထောင်',12),
	('MMR013018701','DAGATA','ဒဂတ','Dagon Myothit (South)','ဒဂုံမြို့သစ်(တောင်ပိုင်း)',12),
	('MMR013019701','DAGAMA','ဒဂမ','Dagon Myothit (North)','ဒဂုံမြို့သစ်(မြောက်ပိုင်း)',12),
	('MMR013020701','DAGARA','ဒဂရ','Dagon Myothit (East)','ဒဂုံမြို့သစ် (အရှေ့ပိုင်း)',12),
	('MMR013021701','DAGACHA','ဒဂဆ','Dagon Myothit (Seikkan)','ဒဂုံမြို့သစ် (ဆိပ်ကမ်း)',12),
	('MMR013022701','MAGATA','မဂတ','Mingalartaungnyunt','မင်္ဂလာတောင်ညွန့်',12),
	('MMR013023701','SALANA','သလန','Thanlyin','သန်လျင်',12),
	('MMR013024701','KATANA','ကတန','Kyauktan','ကျောက်တန်း',12),
	('MMR013024702','TATATA','တတတ','Tadar','တံတား',12),
	('MMR013025701','SAKHANA','သခန','Thongwa','သုံးခွ',12),
	('MMR013026701','KHARANA','ခရန','Kayan','ခရမ်း',12),
	('MMR013027701','TATANA','တတန','Twantay','တွံတေး',12),
	('MMR013028701','KAMANA','ကမန','Kawhmu','ကော့မှူး',12),
	('MMR013029701','KAKHAKA','ကခက','Kungyangon','ကွမ်းခြံကုန်း',12),
	('MMR013030701','DALANA','ဒလန','Dala','ဒလ',12),
	('MMR013031701','CHAKAKHA','ဆကခ','Seikgyikanaungto','ဆိပ်ကြီး/ခနောင်တို',12),
	('MMR013032701','KAKAKA','ကကက','Cocokyun','ကိုကိုးကျွန်း',12),
	('MMR013033701','KATATA','ကတတ','Kyauktada','ကျောက်တံတား',12),
	('MMR013034701','PABHATA','ပဘတ','Pabedan','ပန်းဘဲတန်း',12),
	('MMR013035701','LAMATA','လမတ','Lanmadaw','လမ်းမတော်',12),
	('MMR013036701','LASANA','လသန','Latha','လသာ',12),
	('MMR013037701','AHLANA','အလန','Ahlone','အလုံ',12),
	('MMR013038701','KAMATA','ကမတ','Kyeemyindaing','ကြည့်မြင်တိုင်',12),
	('MMR013039701','CAKHANA','စခန','Sanchaung','စမ်းချောင်း',12),
	('MMR013040701','LAMANA','လမန','Hlaing','လှိုင်',12),
	('MMR013041701','KAMARA','ကမရ','Kamaryut','ကမာရွတ်',12),
	('MMR013042701','MARAKA','မရက','Mayangone','မရမ်းကုန်း',12),
	('MMR013043701','DAGANA','ဒဂန','Dagon','ဒဂုံ',12),
	('MMR013044701','BAHANA','ဗဟန','Bahan','ဗဟန်း',12),
	('MMR013045701','CHAKANA','ဆကန','Seikkan','ဆိပ်ကမ်း',12),
	('MMR013046701','NULL','NULL','Hlaingtharya (East)','လှိုင်သာယာ (အရှေ့ပိုင်း)',12),
	('MMR013047701','NULL','NULL','Hlaingtharya (West)','လှိုင်သာယာ (အနောက်ပိုင်း)',12),
	('NEW013048701','CAMAHA','စမဟ','NULL','NULL',12),
	('NEW013048702','CHAMAHA','ဆမဟ','NULL','NULL',12);
	
	
-- 13.shan State	
	
INSERT INTO `ermsv2`.`town` (`pcode`, `code`, `code_mm`, `name`, `name_mm`, `state_or_region_id`)	
VALUES	('MMR014001701','TAKANA','တကန','Taunggyi','တောင်ကြီး',13),
	('MMR014001702','TAKANA','တကန','Ayetharyar','အေးသာယာ',13),
	('MMR014001703','KATALA','ကတလ','Kyauktalonegyi','ကျောက်တလုံးကြီး',13),
	('MMR014001704','TAKANA','တကန','Shwenyaung','ရွှေညောင်',13),
	('MMR014002701','NNYARANA','ညရန','Nyaungshwe','ညောင်ရွှေ',13),
	('MMR014002702','NNYARANA','ညရန','Nang Pang','နန်းပန်',13),
	('MMR014003701','HAPANA','ဟပန','Hopong','ဟိုပုံး',13),
	('MMR014004701','CHACHANA','ဆဆန','Hsihseng','ဆီဆိုင်',13),
	('MMR014005701','KALANA','ကလန','Kalaw','ကလော',13),
	('MMR014005702','KALANA','ကလန','Aungpan','အောင်ပန်း',13),
	('MMR014005703','KALANA','ကလန','He Hoe','ဟဲဟိုး',13),
	('MMR014006701','PATAYA','ပတယ','Pindaya','ပင်းတယ',13),
	('MMR014007701','RANGANA','ရငန','Ywangan','ရွာငံ',13),
	('MMR014008701','RACANA','ရစန','Lawksawk','ရပ်စောက်',13),
	('MMR014008702','AHTANA','အတန','Intaw','အင်တော',13),
	('MMR014009701','PALANA','ပလန','Pinlaung','ပင်လောင်း',13),
	('MMR014009702','NATARA','နတရ','Naungtayar','နောင်တရား',13),
	('MMR014009703','PALANA','ပလန','Pawng Lawng','ပေါင်းလောင်း',13),
	('MMR014010701','PHAKHANA','ဖခန','Pekon','ဖယ်ခုံ',13),
	('MMR014011701','LALANA','လလန','Loilen','လွိုင်လင်',13),
	('MMR014011702','PALATA','ပလတ','Pinlon','ပင်လုံ',13),
	('MMR014012701','LAKHANA','လခန','Laihka','လဲချား',13),
	('MMR014013701','NACANA','နစန','Nansang','နမ့်စန်',13),
	('MMR014013702','KHALANA','ခလန','Kho Lam','ခိုလမ်',13),
	('MMR014014701','KAHANA','ကဟန','Kunhing','ကွန်ဟိန်း',13),
	('MMR014014702','KALADA','ကလဒ','Kar Li','ကာလိ',13),
	('MMR014015701','KASANA','ကသန','Kyethi','ကျေးသီး',13),
	('MMR014015702','MANATA','မနတ','Mongnawng','မိုင်းနောင်',13),
	('MMR014016701','MAKANA','မကန','Mongkaing','မိုင်းကိုင်',13),
	('MMR014017701','MARANA','မရန','Monghsu','မိုင်းရှူး',13),
	('MMR014017702','MARANA','မရန','Mongsan (Hmonesan)','မိုင်းစံ (မုန်းဆန်း)',13),
	('MMR014018701','LAKHATA','လခတ','Langkho','လင်းခေး',13),
	('MMR014018702','HAMANA','ဟမန','Homein','ဟိုမိန်း',13),
	('MMR014019701','MANANA','မနန','Mongnai','မိုးနဲ',13),
	('MMR014019702','KATATA','ကတတ','Kengtawng','ကျိုင်းတောင်း',13),
	('MMR014020701','MAMANA','မမန','Mawkmai','မောက်မယ်',13),
	('MMR014021701','MAPANA','မပန','Mongpan','မိုင်းပန်',13),
	('MMR015001701','LARANA','လရန','Lashio','လားရှိုး',13),
	('MMR015002701','SANANA','သနန','Hseni','သိန္နီ',13),
	('MMR015003701','MARATA','မရတ','Mongyai','မိုင်းရယ်',13),
	('MMR015004701','TAYANA','တယန','Tangyan','တန့်ယန်း',13),
	('MMR015005701','PACHANA','ပဆန','Pangsang','ပန်ဆန်း (ပန်ခမ်း)',13),
	('MMR015005702','PACHANA','ပဆန','Man Kan','မန်ကန်',13),
	('MMR015006701','NAPHANA','နဖန','Narphan','နားဖန်',13),
	('MMR015007701','PAWANA','ပဝန','Pangwaun','ပန်ဝိုင်',13),
	('MMR015008701','NULL','NULL','Mongmao','မိုင်းမော',13),
	('MMR015009701','MACHANA','မဆန','Muse','မူဆယ်',13),
	('MMR015009702','MAKATA','မကန','Monekoe','မုန်းကိုး',13),
	('MMR015009703','MAHARA','မဟရ','Manhlyoe (Manhero)','(မန်ဟျိုး) မန်ဟီးရိုး',13),
	('MMR015009704','PACHATA','ပဆတ','Pang Hseng (Kyu Koke)','ပန်ဆိုင်း (ကြူကုတ်)',13),
	('MMR015010701','NAKHANA','နခန','Namhkan','နမ့်ခမ်း',13),
	('MMR015011701','KAKHANA','ကခန','Kutkai','ကွတ်ခိုင်',13),
	('MMR015011702','TAMANNYA','တမည','Tarmoenye','တာမိုးညဲ',13),
	('MMR015012701','KAMANA','ကမန','Kyaukme','ကျောက်မဲ',13),
	('MMR015012702','MANGANA','မငန','Mongngawt','မိုင်းငေါ့',13),
	('MMR015012703','MALATA','မလတ','Monglon','မိုင်းလုံ',13),
	('MMR015013701','NAKHATA','နခတ','Nawnghkio','နောင်ချို',13),
	('MMR015014701','SAPANA','သပန','Hsipaw','သီပေါ',13),
	('MMR015015701','NAMATA','နမတ','Namtu','နမ္မတူ',13),
	('MMR015016701','NAMATA','နမတ','Namhsan','နမ့်ဆန်',13),
	('MMR015017701','MAMATHA','မမထ','Mongmit','မိုးမိတ်',13),
	('MMR015018701','MABHANA','မဘန','Mabein','မဘိမ်း',13),
	('MMR015019701','MATANA','မတန','Manton','မန်တုံ',13),
	('MMR015020701','KALATA','ကလတ','Kunlong','ကွမ်းလုံ',13),
	('MMR015021701','HAPATA','ဟပတ','Hopang','ဟိုပန်',13),
	('MMR015021702','NATANA','နတန','Namtit','နမ့်တစ်',13),
	('MMR015021703','HAPATA','ဟပတ','Pan Lon','ပန်လုံ',13),
	('MMR015022701','LAKANA','လကန','Laukkaing','လောက်ကိုင်',13),
	('MMR015022702','KHARAHA','ခရဟ','Chinshwehaw ','ချင်းရွှေဟော်',13),
	('MMR015023701','KAKANA','ကကန','Konkyan','ကုန်းကြမ်း',13),
	('MMR015023702','MATHANA','မထန','Maw Hteik','​မော်ထိုက်',13),
	('MMR015024701','MAMATA','မမတ','Matman','မက်မန်း',13),
	('MMR015301701','NULL','NULL','Nam Tit','နမ့်တစ်',13),
	('MMR015302701','NULL','NULL','Nar Wee (Na Wi)','နာဝီး',13),
	('MMR015303701','NULL','NULL','Man Tun','မန်တွန်း',13),
	('MMR015304702','NULL','NULL','Mong Maw','မိုင်းမော',13),
	('MMR015305701','NULL','NULL','Hsawng Hpa (Saun Pha)','ဆောင်ဖ',13),
	('MMR015306701','NULL','NULL','Hkun Mar (Hkwin Ma)','ခွန်းမား',13),
	('MMR015307701','NULL','NULL','Long Htan','လုံထန်',13),
	('MMR015308701','NULL','NULL','Yawng Lin','ယောင်လင်း',13),
	('MMR015309701','NULL','NULL','Lin Haw','လင်ဟော်',13),
	('MMR015310701','NULL','NULL','Ka Lawng Hpar','ကလောင်ဖါ',13),
	('MMR015311701','NULL','NULL','Aik Chan','အိုက်ချန်',13),
	('MMR015312701','NULL','NULL','Yin Pang','ရင်ဖန့်',13),
	('MMR015313701','NULL','NULL','Man Man Hseng','မန်မန်ဆိုင်',13),
	('MMR015314701','NULL','NULL','Nawng Hkit','နောင်ခစ်',13),
	('MMR015314702','NULL','NULL','Wein Kawn','ဝိန်းကောင်',13),
	('MMR015315701','NULL','NULL','Nam Hkam Wu','နမ်ခမ်းဝူး',13),
	('MMR015316701','NULL','NULL','Nar Kawng','နားကောင်',13),
	('MMR015317701','NULL','NULL','Pang Hkam','ပန်ခမ့်',13),
	('MMR015318701','PAYANA','ပယန','Pang Yang','ပန်ယန်း',13),
	('MMR016001701','KATANA','ကတန','Kengtung','ကျိုင်းတုံ',13),
	('MMR016002701','MAKHANA','မခန','Mongkhet','မိုင်းခတ်',13),
	('MMR016003701','MAYANA','မယန','Mongyang','မိုင်းယန်း',13),
	('MMR016003702','MAYANA','မယန','Mongpauk','မိုင်းပေါက်',13),
	('MMR016005701','MALANA','မလန','Mongla','မိုင်းလား',13),
	('MMR016006701','MACHATA','မဆတ','Monghsat','မိုင်းဆတ်',13),
	('MMR016006702','MAKHATA','မခတ','Mongkhoke','မိုင်းခုတ်',13),
	('MMR016007701','MAPATA','မပတ','Mongping','မိုင်းပျဉ်း',13),
	('MMR016007702','TATANA','တတန','Tontar','တုံတာ',13),
	('MMR016008701','MATATA','မတတ','Mongton','မိုင်းတုံ',13),
	('MMR016008702','PAPAKA','ပပက','Ponparkyin','ပုံပါကျင်',13),
	('MMR016008703','MATHATA','မထတ','Hmone Hta','မုံးထ',13),
	('MMR016009701','TAKHALA','တခလ','Tachileik','တာချီလိတ်',13),
	('MMR016009702','TAKHALA','တခလ','Kenglat','ကျိုင်းလပ်',13),
	('MMR016009703','TALANA','တလန','Tarlay','တာလေ',13),
	('MMR016010701','MAPHANA','မဖန','Monghpyak','မိုင်းဖြတ်',13),
	('MMR016011701','MAYATA','မယတ','Mongyawng','မိုင်းယောင်း',13),
	('MMR016011702','MAYATHA','မယထ','Mongyu','မိုင်းယု',13),
	('MMR016319701','MAPHATA','မဖတ','Mong Hpen','မိုင်းဖျန်',13),
	('MMR016320701','NULL','NULL','Ho Tawng (Ho Tao)','ဟိုတောင်း',13),
	('MMR016321701','NULL','NULL','Mong Pawk','မိုင်းပေါက်',13),
	('MMR016322701','MAKATHA','မကထ','Mong Kar','မိုင်းကာ',13),
	('MMR016323701','NULL','NULL','Nam Hpai','နမ့်ဖိုင်',13);


-- ayeyarwady region

INSERT INTO `ermsv2`.`town` (`pcode`, `code`, `code_mm`, `name`, `name_mm`, `state_or_region_id`)
VALUES	('MMR017001701','PASANA','ပသန','Pathein','ပုသိမ်',14),
	('MMR017001702','RASAYA','ရသယ','Shwethaungyan','ရွှေသောင်ယံ',14),
	('MMR017001703','NGACHANA','ငဆန','Ngwesaung','ငွေဆောင်',14),
	('MMR017001704','PASANA','ပသန','Chaung Thar','ချောင်းသာ',14),
	('MMR017002701','KAKATHA','ကကထ','Kangyidaunt','ကန်ကြီးထောင့်',14),
	('MMR017003701','SAPANA','သပန','Thabaung','သာပေါင်း',14),
	('MMR017004701','NGAPATA','ငပတ','Ngapudaw','ငပုတော',14),
	('MMR017004702','NGARAKA','ငရက','Ngayokekaung','ငရုတ်ကောင်း',14),
	('MMR017004703','HAKAKA','ဟကက','Hainggyikyun','ဟိုင်းကြီးကျွန်း',14),
	('MMR017005701','KAPANA','ကပန','Kyonpyaw','ကျုံပျော်',14),
	('MMR017005702','KAPANA','ကပန','Ahtaung','အထောင်',14),
	('MMR017006701','RAKANA','ရကန','Yegyi','ရေကြည်',14),
	('MMR017006702','NGASAKHA','ငသခ','Ngathaingchaung','ငသိုင်းချောင်း',14),
	('MMR017006703','RAKANA','ရကန','Ahthoke','အသုတ်',14),
	('MMR017007701','KAKANA','ကကန','Kyaunggon','ကျောင်းကုန်း',14),
	('MMR017008701','HASATA','ဟသတ','Hinthada','ဟင်္သာတ',14),
	('MMR017008702','HASATA','ဟသတ','Ta Loke Htaw','တလုတ္ထော်',14),
	('MMR017008703','HASATA','ဟသတ','Du Yar','ဒူးယား',14),
	('MMR017009701','JALANA','ဇလန','Zalun','ဇလွန်',14),
	('MMR017010701','LAMANA','လမန','Lemyethna','လေးမျက်နှာ',14),
	('MMR017011701','MAAHNA','မအန','Myanaung','မြန်အောင်',14),
	('MMR017011702','MAAHNA','မအန','Kanaung','ကနောင်',14),
	('MMR017011703','MAAHNA','မအန','In Pin','အင်ပင်',14),
	('MMR017012701','KAKHANA','ကခန','Kyangin','ကြံခင်း',14),
	('MMR017012702','KAKHANA','ကခန','Batye','ဘက်ရဲ',14),
	('MMR017013701','AHGAPA','အဂပ','Ingapu','အင်္ဂပူ',14),
	('MMR017013702','AHGAPA','အဂပ','Htoogyi','ထူးကြီး',14),
	('MMR017013703','AHGAPA','အဂပ','Me Za Li Kone','မဲဇလီကုန်း',14),
	('MMR017014701','MAMANA','မမန','Myaungmya','မြောင်းမြ',14),
	('MMR017015701','AHMANA','အမန','Einme','အိမ်မဲ',14),
	('MMR017016701','LAPATA','လပတ','Labutta','လပွတ္တာ',14),
	('MMR017016702','PACALA','ပစလ','Pyinsalu','ပြင်စလူ',14),
	('MMR017016703','LAPATA','လပတ','Labutta (3) Mile','လပွတ္တာ (၃) မိုင်',14),
	('MMR017017701','WAKHAMA','ဝခမ','Wakema','ဝါးခယ်မ',14),
	('MMR017017702','WAKHAMA','ဝခမ','Kyonmangae','ကျုံမငေး',14),
	('MMR017018701','MAMAKA','မမက','Mawlamyinegyun','မော်လမြိုင်ကျွန်း',14),
	('MMR017019701','MAAHPA','မအပ','Maubin','မအူပင်',14),
	('MMR017020701','PATANA','ပတန','Pantanaw','ပန်းတနော်',14),
	('MMR017021701','NNYATANA','ညတန','Nyaungdon','ညောင်တုန်း',14),
	('MMR017022701','DHANAPHA','ဓနဖ','Danubyu','ဓနုဖြူ',14),
	('MMR017023701','PHAPANA','ဖပန','Pyapon','ဖျာပုံ',14),
	('MMR017023702','AHMATA','အမတ','Ahmar','အမာ',14),
	('MMR017024701','BHAKALA','ဘကလ','Bogale','ဘိုကလေး',14),
	('MMR017025701','KALANA','ကလန','Kyaiklat','ကျိုက်လတ်',14),
	('MMR017026701','DADARA','ဒဒရ','Dedaye','ဒေးဒရဲ',14),
	('NEW017027701','PASARA','ပသရ','NULL','NULL',14),
	('NEW017027702','PASAYA','ပသယ','NULL','NULL',14);





