USE ermsv2;

--
-- data for department table
--

 INSERT INTO department(code, name, position) VALUES ('CE', 'Department of Civil Engineering', 1),
('ME', 'Department of Mechanical Engineering', 2),
('EP', 'Department of Electrical Power Engineering', 3),
('EcE', 'Department of Electronic Engineering', 4),
('IT', 'Department of Computer Engineering and Information Technology', 5),
('McE', 'Department of Mechatronic Engineering', 6),
('ChE', 'Department of Chemical Engineering', 7),
('TE', 'Department of Textile Engineering', 8),
('Min', 'Department of Mining Engineering', 9),
('PE', 'Department of Petroleum Engineering', 10),
('Met', 'Department of Metallurgical Engineering', 11),
('Arch', 'Department of Architecture', 12),
('M', 'Department of Myanmar', 13),
('E', 'Department of English', 14),
('EM', 'Department of Engineering Mathematics', 15),
('EPh', 'Department of Engineering Physics', 16),
('ECh', 'Department of Engineering Chemistry', 17),
('HSS', 'Department of Humanities and Social Sciences', 18),
('Geol', 'Department of Geology', 19),
('WS', 'Department of Workshop', 20);

--
-- data for major table
--

insert into major (code, name, type, position, department_code) values ('C', 'Civil Engineering', 'primary', 1, 'CE'),
('Mech', 'Mechanical Engineering', 'primary', 2, 'ME'),
('EP', 'Electrical Power Engineering', 'primary', 3, 'EP'),
('EC', 'Electronic Engineering', 'primary', 4, 'EcE'),
('CEIT', 'Computer Engineering and Information Technology', 'primary', 5, 'IT'),
('McE', 'Mechatronic Engineering', 'primary', 6, 'McE'),
('ChE', 'Chemical Engineering', 'primary', 7, 'ChE'),
('Tex', 'Textile Engineering', 'primary', 8, 'TE'),
('Mn', 'Mining Engineering', 'primary', 9, 'Min'),
('PE', 'Petroleum Engineering', 'primary', 10, 'PE'),
('Met', 'Metallurgical Engineering', 'primary', 11, 'Met'),
('Arch', 'Architecture', 'primary', 12, 'Arch'),
('CSE', 'Structural Engineering', 'higher', 13, 'CE'),
('CWRE', 'Water Resources Engineering', 'higher', 14, 'CE'),
('CGE', 'Geotechnical Engineering', 'higher', 15, 'CE'),
('CTE', 'Transportation Engineering', 'higher', 16, 'CE'),
('CM', 'Construction Management', 'higher', 17, 'CE'),
('Env.E', 'Environmental Engineering', 'higher', 18, 'CE'),
('Env.M', 'Environmental Planning and Management', 'higher', 19, 'CE'),
('IE', 'Industrial Engineering', 'higher', 20, 'ME'),
('RE', 'Renewable Energy Engineering', 'higher', 21, 'ME'),
('RES', 'Renewable Energy System', 'higher', 22, 'EP'),
('BioMET', 'Biomedical Engineering Technology', 'higher', 23, 'McE'),
('Arc.Met', 'Experimental Archaeometallurgy', 'higher', 24, 'Met'),
('Ext.Met', 'Extractive Metallurgical Engineering', 'higher', 25, 'Met'),
('Adapt.Met', 'Addaptive Metallurgical Engineering', 'higher', 26, 'Met'),
('E.Geol', 'Engineering Geology', 'higher', 27, 'Geol'),
('D.F.T', 'Diploma in Food Technology', 'other', 28, 'ChE'),
('M.F.T', 'Master of Food Technology', 'other', 29, 'ChE'),
('EIA/EMS', 'Environmental Impact Assement and Environmental Management System', 'other', 30, 'Min'),
('EAM', 'Environmental Assement and Management', 'other', 31, 'Min'),
('DESP', 'Diploma in English for Specific Purpose', 'other', 32, 'E'),
('MESP', 'Master of English for Specific Purpose', 'other', 33, 'E');

--
-- dummy data for subject table
--

insert into subject(code, name, department_code) values 
('M-11001', 'Myanmar I', 'M'),
('M-12001', 'Myanmar II', 'M'),
('E-11001', 'English I', 'E'),
('E-12001', 'English II', 'E'),
('E-21011', 'English III', 'E'),
('E-22001', 'English IV', 'E'),
('E-51011', 'English V', 'E'),
('E-52001', 'English V', 'E'),
('EM-11001', 'Applied Mathematics I', 'EM'),
('EM-12002', 'Modern Algebra and Analytic Geometry', 'EM'),
('EM-21003', 'Applied Mathematics III', 'EM'),
('EM-22004', 'Applied Mathematics IV', 'EM'),
('EM-31005', 'Applied Mathematics V', 'EM'),
('EM-32006', 'Applied Mathematics VI', 'EM'),
('EM-41007', 'Applied Matiematics VII', 'EM'),
('EM-42008', 'Applied Matiematics VII', 'EM'),
('EPh-11001', 'Engineering Physics I', 'EPh'),
('EPh-12001', 'Engineering Physics II', 'EPh'),
('EPh-31001', 'Modern Physics', 'EPh'),
('ECh-11001', 'Engineering Chemistry I', 'ECh'),
('ECh-12001', 'Engineering Chemistry II', 'ECh'),
('ECh-31002', 'Organic Chemistry', 'ECh'),
('Arch-11011', 'Basic Architectural Drawing I', 'Arch'),
('Arch-12011', 'Basic Architectural Drawing II', 'Arch'),
('ME-11011', 'Basic Engineering Drawing I', 'ME'),
('ME-12011', 'Basic Engineering Drawing II', 'ME'),
('CE-21002', 'Building Materials', 'CE'),
('CE-22012', 'Building Construction', 'CE'),
('CE-21003', 'Mechanics of Materials I', 'CE'),
('CE-22013', 'Mechanics of Materials II', 'CE'),
('CE-31001', 'Surveying I', 'CE'),
('CE-32011', 'Surveying II', 'CE'),
('CE-31013', 'Theory of Structures I', 'CE'),
('CE-32033', 'Theory of Structures II', 'CE'),
('CE-31012', 'Civil Engineering Drawing I', 'CE'),
('CE-32032', 'Civil Engineering Drawing II', 'CE'),
('CE-31007', 'Transportation Engineering I', 'CE'),
('CE-32017', 'Transportation Engineering II', 'CE'),
('CE-41013', 'Theory of Structures III', 'CE'),
('CE-41016', 'Hydraulic Engineering I', 'CE'),
('CE-42016', 'Hydraulic Engineering II', 'CE'),
('CE-41008', 'Environmental Engineering I', 'CE'),
('CE-42008', 'Environmental Engineering II', 'CE'),
('CE-41007', 'Transportation Engineering III', 'CE'),
('CE-42007', 'Transportation Engineering IV', 'CE'),
('CE-51062', 'Contracts Specifications and Estimation I', 'CE'),
('CE-52062', 'Contracts Specifications and Estimation II', 'CE'),
('WS-21012', 'Workshop Technology I', 'WS'),
('WS-22012', 'Workshop Technology II', 'WS'),
('ME-21015', 'Engineering Mechanics I', 'ME'),
('ME-22015', 'Engineering Mechanics II', 'ME'),
('ME-21021', 'Computer Aided Machine Drawing I', 'ME'),
('ME-22021', 'Computer Aided Machine Drawing II', 'ME'),
('ME-31016', 'Fluid Mechanics I', 'ME'),
('ME-32016', 'Fluid Mechanics II', 'ME'),
('ME-31025', 'Theory of Machines I', 'ME'),
('ME-32025', 'Theory of Machines II', 'ME'),
('ME-31013', 'Thermodynamics I', 'ME'),
('ME-32013', 'Thermodynamics II', 'ME'),
('ME-41022', 'Production Technology I', 'ME'),
('ME-42022', 'Production Technology II', 'ME'),
('ME-41032', 'Measurement and Instrumentation', 'ME'),
('ME-41031', 'Design of Machine Elements I', 'ME'),
('ME-42031', 'Design of Machine Elements II', 'ME'),
('ME-51041', 'Machine Design', 'ME'),
('ME-51018', 'Engineering Management I', 'ME'),
('ME-52018', 'Engineering Management II', 'ME'),
('EP-21011', 'Electrical Engineering Circuit Analysis I', 'EP'),
('EP-22011', 'Electrical Engineering Circuit Analysis II', 'EP'),
('EP-21013', 'Principle of Electrical Engineering I', 'EP'),
('EP-22013', 'Principle of Electrical Engineering II', 'EP'),
('EP-21014', 'Basic Electronics I', 'EP'),
('EP-22014', 'Digital Electronics', 'EP'),
('EP-22015', 'Fundamental Measurement', 'EP'),
('EP-22033', 'Computer Programming Language II', 'EP'),
('EP-31014', 'Power Electronic I', 'EP'),
('EP-32014', 'Power Electronic II', 'EP'),
('EP-31015', 'Advanced Measurement and Illumination', 'EP'),
('EP-31033', 'Electromagnetic Field', 'EP'),
('EP-32033', 'Electromagnetic Field II', 'EP'),
('EP-41027', 'Linear System I', 'EP'),
('EP-42027', 'Linear System II', 'EP'),
('EP-41042', 'Power System Network', 'EP'),
('EP-41012', 'Electrical Properties of Materials I', 'EP'),
('EP-42012', 'Electrical Properties of Materials II', 'EP'),
('EP-51012', 'Renewable Energy', 'EP'),
('EP-52042', 'Energy Storage System', 'EP'),
('EcE-21001', 'Circuit Theory I', 'EcE'),
('EcE-22001', 'Circuit Theory II', 'EcE'),
('EcE-21011', 'Micrelectronic Devices and Circuits I', 'EcE'),
('EcE-22011', 'Microelectronic Devices and Circuits II', 'EcE'),
('EcE-21014', 'Technical Programming I', 'EcE'),
('EcE-22014', 'Technical Programming II', 'EcE'),
('EcE-21021', 'Digital Electronics I', 'EcE'),
('EcE-22021', 'Digital Electronics II', 'EcE'),
('EcE-31001', 'Engineering Circuit Analysis I', 'EcE'),
('EcE-32001', 'Engineering Circuit Analysis II', 'EcE'),
('EcE-31002', 'Analog and Digital Communication I', 'EcE'),
('EcE-32002', 'Digital Communication II', 'EcE'),
('EcE-31005', 'Signal and Systems I', 'EcE'),
('EcE-32005', 'Signal and Systems II', 'EcE'),
('EcE-32031', 'Applied Electrical Engineering', 'EcE'),
('EcE-41003', 'Linear System I', 'EcE'),
('EcE-42003', 'Linear System II', 'EcE'),
('EcE-41012', 'Wireless Communication and Engineering I', 'EcE'),
('EcE-42012', 'Wireless Communication and Engineering II', 'EcE'),
('EcE-41021', 'Digital Design with HDL', 'EcE'),
('EcE-41005', 'Digital Signal Processing', 'EcE'),
('EcE-51005', 'Digital Signal Processing I', 'EcE'),
('EcE-51017', 'Automation Technologies I', 'EcE'),
('EcE-52015', 'Automation Technologies II', 'EcE'),
('IT-21013', 'Introduction to Computer System I', 'IT'),
('IT-21011', 'Digital Logic Design I', 'IT'),
('IT-22011', 'Digital Logic Design II', 'IT'),
('IT-22012', 'Graph Theory', 'IT'),
('IT-21014', 'Programming Language I', 'IT'),
('IT-22014', 'Programming Language II', 'IT'),
('IT-21021', 'Engineering Circuit Analysis I', 'IT'),
('IT-22021', 'Engineering Circuit Analysis II', 'IT'),
('IT-31012', 'Data Structure and Algorithm I', 'IT'),
('IT-31041', 'Operating System I', 'IT'),
('IT-32041', 'Operating System II', 'IT'),
('IT-31060', 'Data Communication and Networking I', 'IT'),
('IT-32060', 'Data Communication and Networking II', 'IT'),
('IT-31014', 'Programming Language III', 'IT'),
('IT-32014', 'Programming Language IV', 'IT'),
('IT-31035', 'Database Management System I', 'IT'),
('IT-32035', 'Database Management System II', 'IT'),
('IT-31031', 'Electronic Circuits and Devices', 'IT'),
('IT-32044', 'Microprocessor Programming', 'IT'),
('IT-41022', 'Information Theory I', 'IT'),
('IT-42022', 'Information Theory II', 'IT'),
('IT-41024', 'Software Engineering I', 'IT'),
('IT-42024', 'Software Engineering II', 'IT'),
('IT-41060', 'Data Communication and Networking II', 'IT'),
('IT-41014', 'Programming Language V', 'IT'),
('IT-42017', 'IT Security', 'IT'),
('IT-42051', 'Control System', 'IT'),
('IT-51023', 'Computer Architecture I', 'IT'),
('IT-51010', 'Wireless and Mobile Communication I', 'IT'),
('IT-52010', 'Wireless and Mobile Communication II', 'IT'),
('McE-21012', 'Factory Control Engineering I', 'McE'),
('McE-22012', 'Factory Control Engineering II', 'McE'),
('McE-21019', 'Computer System Architecture and Programming',  'McE'),
('McE-22019', 'Introduction to Industrial Control and Programmable Controller', 'McE'),
('McE-21046', 'Digital Electronics I', 'McE'),
('McE-22046', 'Digital Electronics II', 'McE'),
('McE-31026', 'Electronic Devices I', 'McE'),
('McE-32026', 'Electronic Devices II', 'McE'),
('McE-31016', 'Engineering Circuit Analysis I', 'McE'),
('McE-32016', 'Engineering Circuit Analysis II', 'McE'),
('McE-31027', 'Electronic Machine and Control I', 'McE'),
('McE-32027', 'Electronic Machine and Control II', 'McE'),
('McE-41036', 'Power Electronics I', 'McE'),
('McE-42036', 'Power Electronics II', 'McE'),
('McE-41022', 'Data Communication', 'McE'),
('McE-41077', 'Control Engineering I', 'McE'),
('McE-42077', 'Control Engineering II', 'McE'),
('McE-51057', 'Machine Vision I', 'McE'),
('McE-52057', 'Machine Vision II', 'McE'),
('ChE-21011', 'Material Balances', 'ChE'),
('ChE-22011', 'Energy Balances', 'ChE'),
('ChE-31012', 'Fluid Mechanics', 'ChE'),
('ChE-31013', 'Chemical Engineering Thermodynamics', 'ChE'),
('ChE-32022', 'Heat Transfer', 'ChE'),
('ChE-32013', 'Physical Chemistry', 'ChE'),
('ChE-41032', 'Mass Transfer', 'ChE'),
('ChE-41042', 'Particle Mechanics', 'ChE'),
('ChE-42012', 'Chemical Reaction Kinetics and Reactor Design', 'ChE'),
('ChE-42015', 'Quality Control and Experimental Design', 'ChE'),
('ChE-52046', 'Plant Designer for Chemical Engineers', 'ChE'),
('TE-21012', 'Yarn Forming Technology I', 'TE'),
('TE-22012', 'Yarn Forming Technology II', 'TE'),
('TE-31012', 'Yarn Forming Technology III', 'TE'),
('TE-31013', 'Weaving Technology I', 'TE'),
('TE-32013', 'Weaving Technology II', 'TE'),
('TE-31016', 'Textile Fibres', 'TE'),
('TE-32014', 'Fabric Design', 'TE'),
('TE-32016', 'Textile Polymer Science', 'TE'),
('TE-42015', 'Garment Technology', 'TE'),
('TE-42023', 'Kintting Technology', 'TE'),
('TE-51048', 'Textile Finishing', 'TE'),
('TE-52024', 'Fabric Analysis', 'TE'),
('Min-21012', 'Engineering Materials', 'Min'),
('Min-21011', 'Principles of Mining Engineering I', 'Min'),
('Min-22011', 'Principles of Mining Engineering II', 'Min'),
('Min-22013', 'Mine Surveying I', 'Min'),
('Min-31013', 'Mine Surveying II', 'Min'),
('Min-32013', 'Mine Surveying III', 'Min'),
('Min-31034', 'Mine Operations I', 'Min'),
('Min-32034', 'Mine Operations II', 'Min'),
('Min-31028', 'Mining Minerals and Environment I', 'Min'),
('Min-32028', 'Mining Minerals and Environment II', 'Min'),
('Min-41036', 'Mining Method I', 'Min'),
('Min-42036', 'Mining Method II', 'Min'),
('Min-41017', 'Material Handling I', 'Min'),
('Min-42017', 'Material Handling II', 'Min'),
('Min-51012', 'Mine Economic I', 'Min'),
('Min-52012', 'Mine Economic II', 'Min'),
('PE-21001', 'Fundamentals of Petroleum Engineering', 'PE'),
('PE-22002', 'Drilling Fluids', 'PE'),
('PE-31012', 'Drilling Engineering I', 'PE'),
('PE-31004', 'Reservoir Rock and Fluid Properties', 'PE'),
('PE-32003', 'Production Engineering I', 'PE'),
('PE-32014', 'Formation Evaluation', 'PE'),
('PE-42008', 'Petroleum Economics', 'PE'),
('PE-42034', 'Well Testing', 'PE'),
('PE-51025', 'Natural Gas Processing', 'PE'),
('PE-52008', 'Petroleum Economics', 'PE'),
('Met-21011', 'Introduction to Metallurgical Engineering I', 'Met'),
('Met-22011', 'Introduction to Metallurgical Engineering II', 'Met'),
('Met-31043', 'Engineering Materials Science', 'Met'),
('Met-31012', 'Mineral Processing I', 'Met'),
('Met-32012', 'Mineral Processing II', 'Met'),
('Met-31015', 'Fluid Flow', 'Met'),
('Met-31023', 'Introduction to Physical Metallurgy', 'Met'),
('Met-31014', 'Foundry Technology I', 'Met'),
('Met-42012', 'Mineral Processing III', 'Met'),
('Met-41031', 'Metallurgical Thermodynamics I', 'Met'),
('Met-41023', 'Principle of Physical Metallurgy I', 'Met'),
('Met-42031', 'Metallurgical Thermodynamics II', 'Met'),
('Met-42023', 'Principle of Physical Metallurgy II', 'Met'),
('Met-51051', 'Metallurgical Characterization', 'Met'),
('Met-52061', 'Corrosion Engineering', 'Met'),
('Arch-21021', 'Descriptive Geometry I', 'Arch'),
('Arch-21022', 'Architectural Drawings and Practices', 'Arch'),
('Arch-21014', 'Introduction to Visual Design I', 'Arch'),
('Arch-22014', 'Introduction to Visual Design II', 'Arch'),
('Arch-22018', 'Computer Application in Architectural Design', 'Arch'),
('Arch-22021', 'Descriptive Geometry II', 'Arch'),
('Arch-22022', 'Architectural Drawing and Practics II', 'Arch'),
('Arch-31016', 'Environmental Science and Building Technologies I', 'Arch'),
('Arch-31024', 'Fundamental of Architectural Design I', 'Arch'),
('Arch-32024', 'Fundamental of Architectural Design II', 'Arch'),
('Arch-31025', 'Architectural Materials and Construction I', 'Arch'),
('Arch-32025', 'Architectural Materials and Construction II', 'Arch'),
('Arch-31019', 'Design Studio I', 'Arch'),
('Arch-41022', 'Interior Design I', 'Arch'),
('Arch-42022', 'Interior Design II', 'Arch'),
('Arch-41034', 'Architectural Thoughts and Theory of Design I', 'Arch'),
('Arch-42034', 'Architectural Thoughts and Theory of Design II', 'Arch'),
('Arch-41035', 'Architectural Materials and Construction III', 'Arch'),
('Arch-42035', 'Architectural Materials and Construction IV', 'Arch'),
('Arch-51039', 'Design Studio V', 'Arch'),
('Arch-52039', 'Design Studio VI', 'Arch'),
('HSS-41001', 'Humanity and Social Sciences I', 'HSS'),
('HSS-42001', 'Humanity and Social Sciences II', 'HSS'),
('Geol-31003', 'Geology for Peteoleum Engineers', 'Geol'),
('Geol-42001', 'Mining Geology and Mineral Exploration II', 'Geol'),
('Geol-42003', 'Mineralogy and Petrology for Metallurgical Engineers II', 'Geol');